review,sentiment
This phone has an excellent camera and the battery lasts all day.,positive
The product quality is amazing and I am very happy with the purchase.,positive
Fast delivery and the headphones sound fantastic.,positive
"The laptop is smooth, lightweight, and works perfectly.",positive
Great value for money. The build quality feels premium.,positive
I love this product. It is easy to use and reliable.,positive
The screen is bright and the colors look beautiful.,positive
Very comfortable shoes and the material is excellent.,positive
The charger works quickly and has been reliable.,positive
Excellent customer service and a wonderful shopping experience.,positive
The keyboard feels great and typing is very comfortable.,positive
The camera takes sharp photos even in low light.,positive
Amazing performance for the price. Highly recommended.,positive
The packaging was secure and the product arrived in perfect condition.,positive
This is one of my best purchases. Everything works well.,positive
"The sound is clear, loud, and enjoyable.",positive
The battery backup is impressive and charges quickly.,positive
The design is stylish and the device feels durable.,positive
Very satisfied with the quality and performance.,positive
The product is exactly as described and works perfectly.,positive
Setup was simple and the instructions were clear.,positive
"The fabric is soft, comfortable, and good quality.",positive
I received the order early and everything was perfect.,positive
"The app is simple, fast, and easy to navigate.",positive
Excellent product with great features and dependable performance.,positive
The display is beautiful and the touch response is smooth.,positive
I am impressed by the quality at this affordable price.,positive
The headphones are comfortable and the audio is crisp.,positive
Works flawlessly and looks better than expected.,positive
A fantastic purchase with excellent overall quality.,positive
The battery is terrible and dies within a few hours.,negative
Very poor quality. The product stopped working after two days.,negative
The delivery was late and the package was damaged.,negative
The headphones sound distorted and uncomfortable.,negative
This laptop is slow and freezes frequently.,negative
The screen is dull and the colors look bad.,negative
The shoes are uncomfortable and the material feels cheap.,negative
The charger stopped working after one week.,negative
Customer service was unhelpful and frustrating.,negative
The keyboard feels cheap and several keys stopped working.,negative
The camera produces blurry photos and poor video.,negative
Not worth the money. The performance is disappointing.,negative
The packaging was damaged and parts were missing.,negative
I regret buying this product because it fails constantly.,negative
The sound is weak and full of noise.,negative
Battery backup is disappointing and charging is very slow.,negative
The design looks cheap and the device feels fragile.,negative
I am unhappy with the quality and performance.,negative
The product is not as described and does not work properly.,negative
Setup was confusing and the instructions were unclear.,negative
"The fabric is rough, uncomfortable, and poor quality.",negative
My order arrived late and the product was damaged.,negative
"The app is slow, buggy, and difficult to use.",negative
The features are disappointing and performance is unreliable.,negative
The display flickers and the touch response is poor.,negative
The quality is awful for the price.,negative
The headphones are uncomfortable and the audio is muffled.,negative
It stopped working quickly and feels badly made.,negative
A disappointing purchase with many problems.,negative
